"","gene_symbol"
"1","ELF5"
"2","TCF7L2"
"3","PLAG1"
"4","NKX2-5"
"5","NRF1"
"6","GATA2"
"7","KLF4"
"8","SPI1"
"9","ESR2"
"10","FOS"
"11","VDR"
"12","HNF1A"
"13","EGR1"
"14","NFATC2"
"15","NHLH1"
"16","SRY"
"17","FOSL1"
"18","FOXA1"
"19","CEBPA"
"20","RELA"
"21","PAX5"
"22","NOBOX"
"23","GATA1"
"24","CEBPB"
"25","HIF1A"
"26","CRX"
"27","CREB1"
"28","FLI1"
"29","SOX5"
"30","FOXC1"
"31","EBF1"
"32","JUN"
"33","NR4A2"
"34","NFYA"
"35","ELF1"
"36","SMAD4"
"37","PAX2"
"38","RUNX2"
"39","FOXP2"
"40","SRF"
"41","SMAD2"
"42","ESR1"
"43","GABPA"
"44","EHF"
"45","BATF"
"46","MEIS1"
"47","TP63"
"48","SOX9"
"49","FOXP1"
"50","INSM1"
"51","MAF"
"52","MYOG"
"53","FOXA2"
"54","NR3C1"
"55","KLF5"
"56","MYC"
"57","FOXH1"
"58","TLX1"
"59","SOX2"
"60","NFE2L2"
"61","NKX3-2"
"62","HNF4A"
"63","SOX10"
"64","ARID3A"
"65","SP1"
"66","USF2"
"67","REST"
"68","SOX17"
"69","CTCF"
"70","ATOH1"
"71","HINFP"
"72","PDX1"
"73","TCF3"
"74","FOXD1"
"75","STAT1"
"76","PAX6"
"77","EGR2"
"78","POU5F1"
"79","PBX1"
"80","IRF1"
"81","NR5A2"
"82","BHLHE40"
"83","MYB"
"84","MYOD1"
"85","JUNB"
"86","E2F4"
"87","BCL6"
"88","TP53"
"89","SREBF1"
"90","HAND1"
"91","MEF2C"
"92","TFAP2A"
"93","PPARG"
"94","NKX3-1"
"95","HOXA5"
"96","BACH1"
"97","PAX4"
"98","TFAP2C"
"99","FOXO1"
"100","NR1H2"
"101","FOXO3"
"102","MEF2A"
"103","YY1"
"104","STAT5B"
"105","HNF1B"
"106","USF1"
"107","SMAD3"
"108","HSF1"
"109","HLTF"
"110","ESRRA"
"111","FOXI1"
"112","MAFB"
"113","NR1H3"
"114","IRF2"
"115","GFI1"
"116","DDIT3"
"117","FOXF2"
"118","STAT3"
"119","GATA4"
"120","T"
"121","GATA3"
"122","TAL1"
"123","MAX"
"124","TCF12"
"125","FOXD3"
"126","EN1"
"127","NFE2L1"
"128","RUNX1"
"129","CDX2"
"130","SREBF2"
"131","RXRA"
"132","AR"
"133","ARNT"
"134","AHR"
"135","NFIL3"
"136","POU2F2"
"137","NFIC"
"138","TEAD1"
"139","PRDM1"
"140","ELK1"
"141","REL"
"142","NFKB1"
"143","PLAGL1"
"144","NFIX"
"145","ARNTL"
"146","FIGLA"
"147","HSF4"
"148","WT1"
"149","BACH2"
"150","NEUROD2"
"151","CUX2"
"152","ASCL1"
"153","ARID5B"
"154","FOXF1"
"155","THRA"
"156","NRL"
"157","FOXK1"
"158","ELK3"
"159","ZBTB7B"
"160","MEF2D"
"161","SOX4"
"162","NFATC3"
"163","MTF1"
"164","CEBPG"
"165","RARG"
"166","ATF4"
"167","ATF5"
"168","ATF3"
"169","ATF7"
"170","FOSB"
"171","DACH1"
"172","DMRT1"
"173","FUBP1"
"174","YBX1"
"175","POU3F1"
"176","ETV2"
"177","ATF2"
"178","NFIA"
"179","VAX2"
"180","HES1"
"181","PPARA"
"182","SOX11"
"183","ETV5"
"184","GATA6"
"185","BARX2"
"186","MITF"
"187","TFAP2E"
"188","MYF6"
"189","CDX1"
"190","E2F7"
"191","SOX8"
"192","PAX3"
"193","SP3"
"194","PAX9"
"195","NFATC4"
"196","CREB3L4"
"197","SMAD1"
"198","TFAP2D"
"199","AIRE"
"200","ZNF350"
"201","MLX"
"202","HHEX"
"203","NEUROG3"
"204","TFE3"
"205","GLI1"
"206","GLI3"
"207","GATA5"
"208","NFE2L3"
"209","GPER1"
"210","NACC2"
"211","EP300"
"212","RAD21"
"213","STAG1"
"214","STAG2"
"215","CHCHD3"
"216","ZNF750"
"217","SOHLH2"
"218","BARHL2"
"219","BHLHE22"
"220","MYOCD"
"221","ARID3C"
"222","DDN"
"223","ZNF217"
"224","MSGN1"
"225","AKNA"
"226","CREBBP"
"227","CDX4"
"228","ZNF746"
"229","HEYL"
"230","CC2D1A"
"231","CC2D1B"
"232","GLIS2"
"233","GLI2"
"234","MEIS3"
"235","PROX1"
"236","FOXC2"
"237","ZFAT"
"238","YBX3"
"239","ZNF639"
"240","FEZF2"
"241","HNRNPK"
"242","ZBTB7A"
"243","HDAC5"
"244","PPARD"
"245","KLF15"
"246","BHLHA15"
"247","BTG2"
"248","SALL1"
"249","SATB1"
"250","POU1F1"
"251","TWIST1"
"252","ZGPAT"
"253","NFIB"
"254","BMPR1A"
"255","ZNF536"
"256","OSR2"
"257","GLIS3"
"258","MKX"
"259","HMGA1"
"260","MYF5"
"261","IFI16"
"262","FUBP3"
"263","BCL11A"
"264","NR5A1"
"265","HOXA7"
"266","ZKSCAN3"
"267","OTX1"
"268","HCFC1"
"269","SUB1"
"270","TARDBP"
"271","RFX6"
"272","LEF1"
"273","PHB"
"274","SARNP"
"275","EPAS1"
"276","CTCFL"
"277","SOX12"
"278","MESP1"
"279","BARHL1"
"280","HES6"
"281","C1ORF85"
"282","HDGF"
"283","HMGA2"
"284","PGR"
"285","CSRNP1"
"286","CSRNP2"
"287","CSRNP3"
"288","PTH"
"289","POU4F2"
"290","PRDM5"
"291","TBX15"
"292","TBX18"
"293","BSX"
"294","OVOL1"
"295","CREB3L2"
"296","MEOX2"
"297","MSX2"
"298","SIX3"
"299","FOXP3"
"300","EBF2"
"301","EBF3"
"302","TFEB"
"303","ARNTL2"
"304","MESP2"
"305","MED1"
"306","SOHLH1"
"307","DLX3"
"308","ONECUT1"
"309","MSX1"
"310","KLF17"
"311","SKIL"
"312","RBPJ"
"313","ZBTB4"
"314","HOXD13"
"315","LMO2"
"316","NR4A1"
"317","HEY1"
"318","E2F8"
"319","RUNX3"
"320","EAF2"
"321","NFATC1"
"322","PLSCR1"
"323","GZF1"
"324","CUX1"
"325","NEUROD1"
"326","ARX"
"327","ZFPM1"
"328","TCF21"
"329","VAX1"
"330","HOXA10"
"331","NKX6-1"
"332","TBX20"
"333","IKZF1"
"334","GRHL3"
"335","TLE4"
"336","PITX2"
"337","PAX7"
"338","MAFA"
"339","OLIG2"
"340","HOXA2"
"341","MYPOP"
"342","JARID2"
"343","FOXJ1"
"344","YLPM1"
"345","BATF3"
"346","ETV4"
"347","PBX3"
"348","POU4F3"
"349","GCM1"
"350","DLX5"
"351","IGHMBP2"
"352","SIX2"
"353","POU3F2"
"354","ISL1"
"355","IRF4"
"356","SOX7"
"357","ESRRG"
"358","CLOCK"
"359","HAND2"
"360","MAZ"
"361","FOXL2"
"362","MEOX1"
"363","KLF11"
"364","SIX4"
"365","DLX2"
"366","HELT"
"367","MLXIPL"
"368","TEF"
"369","FOXP4"
"370","NPAS4"
"371","HSF2"
"372","ZNF219"
"373","SNAI1"
"374","HOXB5"
"375","PURB"
"376","NR2C1"
"377","POU4F1"
"378","RXRB"
"379","ETV1"
"380","KCNH8"
"381","GMEB1"
"382","NR2F6"
"383","BHLHE41"
"384","ETS2"
"385","POU2F3"
"386","NEUROD6"
"387","OTX2"
"388","MXD1"
"389","SOX18"
"390","SIX6"
"391","ZNF467"
"392","NKX2-2"
"393","ZBTB16"
"394","FOXK2"
"395","FERD3L"
"396","BCL11B"
"397","GRHL1"
"398","NKX2-8"
"399","EBF4"
"400","MIXL1"
"401","ZC3H8"
"402","DMBX1"
"403","CREB3L1"
"404","JDP2"
"405","GLIS1"
"406","KLF16"
"407","ONECUT3"
"408","DLX4"
"409","ELF3"
"410","TXK"
"411","CARF"
"412","ASCL3"
"413","NFAT5"
"414","PHOX2B"
"415","ZBTB20"
"416","GSX1"
"417","HOXC13"
"418","TBX3"
"419","RFX4"
"420","TBX5"
"421","NR1H4"
"422","HEY2"
"423","ONECUT2"
"424","GCFC2"
"425","CREB3L3"
"426","PITX3"
"427","TEAD2"
"428","SCRT2"
"429","NR1I2"
"430","TBX1"
"431","TBX2"
"432","ETV7"
"433","NR2E1"
"434","PROP1"
"435","ZIC2"
"436","ZIC3"
"437","ZIC1"
"438","PHOX2A"
"439","STK16"
"440","NR4A3"
"441","PKNOX1"
"442","SOX15"
"443","HES5"
"444","FOXJ2"
"445","SCX"
"446","MYBL2"
"447","MEIS2"
"448","PATZ1"
"449","CGGBP1"
"450","SOX14"
"451","KLF13"
"452","RAX"
"453","ESX1"
"454","SNAI3"
"455","SNAI2"
"456","ETV6"
"457","AEBP1"
"458","FOXE1"
"459","RCOR1"
"460","ZNF281"
"461","NFYC"
"462","IKZF3"
"463","SOX30"
"464","AEBP2"
"465","RXRG"
"466","CEBPE"
"467","HMX1"
"468","PREB"
"469","KCNIP3"
"470","MSC"
"471","KLF12"
"472","KLF9"
"473","ALX4"
"474","SIX1"
"475","TP73"
"476","IRF7"
"477","ALX1"
"478","PLAGL2"
"479","POU3F3"
"480","BCL6B"
"481","HOXC11"
"482","SOX1"
"483","MEF2B"
"484","NR0B1"
"485","CREB3"
"486","MNT"
"487","NR6A1"
"488","MYT1"
"489","TCF4"
"490","ELF4"
"491","HOXD9"
"492","PITX1"
"493","ARNT2"
"494","TEAD4"
"495","ZSCAN21"
"496","NR1D1"
"497","NR2F2"
"498","CEBPD"
"499","ARID3B"
"500","TGIF1"
"501","PCGF6"
"502","CREB5"
"503","NR3C2"
"504","ZNF292"
"505","NFKB2"
"506","ZNF148"
"507","RELB"
"508","NR1I3"
"509","NKX6-2"
"510","MYBL1"
"511","NFX1"
"512","HOXD8"
"513","RARA"
"514","TCF7"
"515","MZF1"
"516","ZFP90"
"517","TFAP2B"
"518","TFAP4"
"519","ATF1"
"520","HIVEP1"
"521","DBP"
"522","XBP1"
"523","PTF1A"
"524","CEBPZ"
"525","E4F1"
"526","RARB"
"527","TFAM"
"528","POU2F1"
"529","NKX2-1"
"530","ARHGAP35"
"531","THRB"
"532","PAX8"
"533","ASCL2"
"534","RFX5"
"535","GFI1B"
"536","ESRRB"
"537","MAFF"
"538","STAT6"
"539","STAT2"
"540","E2F6"
"541","E2F3"
"542","FOSL2"
"543","MAFK"
"544","ZNF143"
"545","ERG"
"546","ZFX"
"547","DUX4"
"548","HOXA9"
"549","E2F1"
"550","MYCN"
"551","ZEB1"
"552","MECOM"
"553","ZBTB33"
"554","MAFG"
"555","ZNF354C"
"556","LHX3"
"557","PRRX2"
"558","STAT5A"
"559","STAT4"
"560","HNF4G"
"561","ETS1"
"562","ZNF263"
"563","SOX3"
"564","ELK4"
"565","SOX6"
"566","SPZ1"
"567","KLF1"
"568","FOXQ1"
"569","SP2"
"570","RFX1"
"571","NR2E3"
"572","SPIB"
"573","NR2C2"
"574","FEV"
"575","RREB1"
"576","NFE2"
"577","RFX2"
"578","HLF"
"579","FOXL1"
"580","NR2F1"
"581","JUND"
"582","THAP1"
"583","TBP"
"584","NFYB"
"585","HOXC9"
"586","BRCA1"
"587","HESX1"
"588","HOXB3"
"589","GSC"
"590","RBPJL"
"591","HOXB9"
"592","TSC22D1"
"593","MXI1"
"594","HOXC6"
"595","ZFP161"
"596","MYNF1"
"597","FOXD4"
"598","HOXB1"
"599","TCF20"
"600","ZNF80"
"601","PRDM2"
"602","MYEF2"
"603","ATF6"
"604","ZNF652"
"605","ZNF274"
"606","ZNRD1"
"607","ZNF674"
"608","DMRT2"
"609","OTP"
"610","CNOT3"
"611","ZNF429"
"612","CREM"
"613","ZNF395"
"614","DBX1"
"615","HES4"
"616","GBX1"
"617","SP7"
"618","ZNF35"
"619","OVOL2"
"620","IRF8"
"621","HNRNPAB"
"622","ZNF224"
"623","PAX1"
"624","HOXB4"
"625","ZNF589"
"626","SIM2"
"627","HOXB8"
"628","VEZF1"
"629","HOXD10"
"630","HOXC8"
"631","GMEB2"
"632","ZNF76"
"633","ZNF10"
"634","ZNF202"
"635","FOXB1"
"636","ZHX2"
"637","ZNF804A"
"638","PHF20"
"639","CASZ1"
"640","BHLHA9"
"641","ZNF238"
"642","LZTFL1"
"643","ZNF302"
"644","CAMTA1"
"645","HMBOX1"
"646","ZNF580"
"647","HOXA13"
"648","IRF6"
"649","CREBL2"
"650","ZBTB1"
"651","HOXC5"
"652","ZNF512B"
"653","ZNF592"
"654","ZNF687"
"655","ZMYND8"
"656","POU3F4"
"657","KLF2"
"658","HIF3A"
"659","RORC"
"660","EN2"
"661","SALL2"
"662","VENTX"
"663","CTBP2"
"664","ZBTB42"
"665","HIVEP3"
"666","PRDM14"
"667","ZNF431"
"668","TOX3"
"669","BTBD11"
"670","GRHL2"
"671","NKX1-2"
"672","SON"
"673","SHOX2"
"674","ZNF513"
"675","ZNF821"
"676","RAI1"
"677","ZNF673"
"678","ZNF41"
"679","TFCP2L1"
"680","FOXD4L1"
"681","ZFP1"
"682","ZFP54"
"683","ZNF300"
"684","PHF10"
"685","ZNF193"
"686","IRX1"
"687","PHF7"
"688","NFKBIZ"
"689","ZNF711"
"690","ZNF250"
"691","ZNF251"
"692","ZNF252P"
"693","ZNF34"
"694","ZNF517"
"695","ZNF7"
"696","ZNF131"
"697","IKZF2"
"698","TBX10"
"699","FAM170A"
"700","IRF9"
"701","FOXD4L5"
"702","FOXD4L6"
"703","HMGB1P1"
"704","RHOXF2B"
"705","ZNF705D"
"706","ZNF705F"
"707","ZNF720"
"708","ZNF734P"
"709","ZNF98"
"710","DBX2"
"711","RNF112"
"712","ZFY"
"713","HLX"
"714","SATB2"
"715","FOXA3"
"716","DMTF1"
"717","TSHZ2"
"718","TSHZ3"
"719","ZSCAN10"
"720","LBX1"
"721","DRGX"
"722","MYRF"
"723","LHX6"
"724","IER2"
"725","ZNF642"
"726","ZNF69"
"727","ZBTB5"
"728","OSR1"
"729","ZBTB2"
"730","PBX2"
"731","FEZF1"
"732","EWSR1"
"733","BTBD3"
"734","IRX6"
"735","SALL3"
"736","ZNF84"
"737","MACC1"
"738","OLIG3"
"739","KLF14"
"740","SP6"
"741","KHSRP"
"742","PRDM12"
"743","PRDM13"
"744","PRDM16"
"745","THAP11"
"746","MN1"
"747","ST18"
"748","RFX7"
"749","KLF6"
"750","NKX6-3"
"751","CTNNBL1"
"752","FOXS1"
"753","RHOX5"
"754","OLIG1"
"755","ZNF256"
"756","BCLAF1"
"757","ZNF133"
"758","FOXJ3"
"759","FOXN2"
"760","FOXN3"
"761","FOXR1"
"762","FOXR2"
"763","FOXG1"
"764","PBX4"
"765","TSHZ1"
"766","ZSCAN4"
"767","SP8"
"768","SP110"
"769","ZNF124"
"770","DLX1"
"771","SIX5"
"772","ZFHX3"
"773","ZBED1"
"774","EGR4"
"775","ZNF175"
"776","ZNF23"
"777","ZNF692"
"778","ISL2"
"779","SP5"
"780","DACH2"
"781","FOXN4"
"782","TFDP3"
"783","ZHX3"
"784","ZNF433"
"785","CREBRF"
"786","BNC1"
"787","ZNF384"
"788","TULP4"
"789","SALL4"
"790","ZNF284"
"791","EMX1"
"792","EMX2"
"793","CIC"
"794","NANOG"
"795","ZNF492"
"796","RNF2"
"797","ZBTB45"
"798","PRDM15"
"799","ZSCAN12"
"800","SCML4"
"801","FOXI2"
"802","IRX5"
"803","IRX3"
"804","NANOGP8"
"805","ZNF468"
"806","ZNF267"
"807","LHX4"
"808","UBP1"
"809","FOXO6"
"810","TBX6"
"811","BARX1"
"812","AFR2"
"813","TBPL1"
"814","ZNF18"
"815","NKX2-6"
"816","VSX2"
"817","ZNF295"
"818","ZNF333"
"819","TCFL5"
"820","LHX9"
"821","PHF6"
"822","ZNF322"
"823","ZNF668"
"824","NRG1"
"825","FOXD4L3"
"826","NHLH2"
"827","ZIC4"
"828","ZIC5"
"829","BHLHE23"
"830","SP9"
"831","NPAS1"
"832","NPAS3"
"833","ZNF367"
"834","NEUROG2"
"835","ZNF470"
"836","HOXB2"
"837","HOXB6"
"838","SP4"
"839","HOXC4"
"840","TFCP2"
"841","HIC1"
"842","ALX3"
"843","SUZ12"
"844","ZNF496"
"845","IRX2"
"846","HOXB13"
"847","KLF10"
"848","YY2"
"849","BNC2"
"850","RAX2"
"851","HBP1"
"852","ATF6B"
"853","DPF3"
"854","TOX2"
"855","HOXD3"
"856","LRRFIP1"
"857","ZKSCAN5"
"858","ZNF214"
"859","ZNF215"
"860","ZNF22"
"861","NEUROD4"
"862","HOMEZ"
"863","FOXE3"
"864","RNF141"
"865","ZNF230"
"866","MYCL1"
"867","SPIC"
"868","LITAF"
"869","FOXD2"
"870","IRF5"
"871","LCORL"
"872","ZNF43"
"873","ERF"
"874","NR1H5P"
"875","RHOXF2"
"876","KMT2A"
"877","SOX21"
"878","ZNF8"
"879","FOXB2"
"880","PRDM10"
"881","ZNF323"
"882","FAM48A"
"883","ZNF304"
"884","ETV3"
"885","PKNOX2"
"886","LMX1B"
"887","SIM1"
"888","FOXO4"
"889","HOXD1"
"890","SHOX"
"891","DLX6"
"892","ZNF317"
"893","BBX"
"894","EOMES"
"895","HIC2"
"896","ZNF177"
"897","ZNF24"
"898","SMAD5"
"899","ZNF140"
"900","ZNF91"
"901","NPAS2"
"902","ZEB2"
"903","ZNF268"
"904","TBX19"
"905","TRPS1"
"906","ZNF239"
"907","SCRT1"
"908","HES7"
"909","ATOH7"
"910","PEG3"
"911","ZNF382"
"912","SMAD6"
"913","CDC5L"
"914","DPF1"
"915","MLXIP"
"916","BRIP1"
"917","TBX22"
"918","C1ORF61"
"919","IKZF5"
"920","TBX4"
"921","NACC1"
"922","TLX2"
"923","HES3"
"924","HOXC10"
"925","NEUROG1"
"926","ZNF326"
"927","NKX2-3"
"928","HMG20A"
"929","E2F2"
"930","TBX21"
"931","KLF8"
"932","TBR1"
"933","GBX2"
"934","LHX1"
"935","SPDEF"
"936","MGA"
"937","TULP1"
"938","TULP2"
"939","KLF3"
"940","NKRF"
"941","PRDM4"
"942","ZNF157"
"943","PGS1"
"944","DIDO1"
"945","ZFAND3"
"946","RFX3"
"947","HIVEP2"
"948","HMX3"
"949","SOX13"
"950","ZBTB10"
"951","PARP1"
"952","DEAF1"
"953","ZNF85"
"954","ZNF205"
"955","ZNF423"
"956","KLF7"
"957","DUX1"
"958","HOXA1"
"959","TGFB1I1"
"960","GSC2"
"961","IRF3"
"962","ZNF189"
"963","ZFP37"
"964","ZNF45"
"965","ZFP42"
"966","HR"
"967","HTATIP2"
"968","LMX1A"
"969","ZBTB17"
"970","HOXA6"
"971","EED"
"972","FOXM1"
"973","FOXN1"
"974","HOXA11"
"975","TCF15"
"976","ELF2"
"977","HOXB7"
"978","MEF2BNB-MEF2B"
"979","ARID5A"
"980","POU6F1"
"981","MYT1L"
"982","POU6F2"
"983","TGIF2LX"
"984","MXD3"
"985","MXD4"
"986","NFXL1"
"987","ZNF37A"
"988","TFDP1"
"989","ZNF354A"
"990","HES2"
"991","TFEC"
"992","HOXA3"
"993","RORB"
"994","RORA"
"995","HOXA4"
"996","NR1D2"
"997","MTF2"
"998","E2F5"
"999","TFDP2"
"1000","CNBP"
"1001","ZNF174"
"1002","ZNF136"
"1003","GSX2"
"1004","ZNF132"
"1005","ZNF134"
"1006","ZNF135"
"1007","ZNF138"
"1008","ZNF154"
"1009","ZNF155"
"1010","ZNF19"
"1011","LHX2"
"1012","ZNF165"
"1013","TCF7L1"
"1014","ZNF117"
"1015","ZNF92"
"1016","ZNF93"
"1017","DENND4A"
"1018","ENO1"
"1019","EGR3"
"1020","HOXD11"
"1021","HOXD4"
"1022","ZSCAN26"
"1023","PURA"
"1024","APEX1"
"1025","PRRX1"
"1026","LOC100359610"
"1027","LOC100360577"
"1028","LOC100361016"
"1029","LOC100361421"
"1030","LOC100362054"
"1031","LOC100362741"
"1032","LOC100362783"
"1033","LOC100364002"
"1034","LOC100365046"
"1035","LOC100909641"
"1036","LOC100909714"
"1037","LOC100911546"
"1038","LOC100911668"
"1039","LOC257642"
"1040","LOC304396"
"1041","LOC306096"
"1042","LOC498414"
"1043","LOC499235"
"1044","LOC682968"
"1045","LOC686376"
"1046","LOC688111"
"1047","LOC689856"
"1048","LOC691272"
"1049","LOC691661"
"1050","BPNT1"
"1051","AKAP9"
"1052","AKAP17A"
"1053","AKAP8"
"1054","AKAP8L"
"1055","ASCL4"
"1056","ASCL5"
"1057","ANP32A"
"1058","ACTL6A"
"1059","ASCC1"
"1060","ASCC2"
"1061","ASCC3"
"1062","ATF4P3"
"1063","ATF7IP"
"1064","ABT1"
"1065","ADNP"
"1066","ARC"
"1067","ADAMTS17"
"1068","ADAMTS19"
"1069","AP5Z1"
"1070","ASXL1"
"1071","ASXL2"
"1072","APC"
"1073","ADAR"
"1074","ADNP2"
"1075","ADPGK"
"1076","ARFGAP2"
"1077","ADRB2"
"1078","AFF1"
"1079","AFF2"
"1080","AFF3"
"1081","AFF4"
"1082","AG"
"1083","ATRX"
"1084","ALYREF"
"1085","AES"
"1086","APP"
"1087","APBB1"
"1088","APBB2"
"1089","ANAPC2"
"1090","AMOT"
"1091","ABTB1"
"1092","ANKRD5"
"1093","ASB1"
"1094","ASB10"
"1095","ASB11"
"1096","ASB12"
"1097","ASB15"
"1098","ASB3"
"1099","ASB4"
"1100","ASB6"
"1101","ASB8"
"1102","ASB9"
"1103","ANKS1A"
"1104","ANKS3"
"1105","ANKZF1"
"1106","ANKRD1"
"1107","ANKRD10"
"1108","ANKRD2"
"1109","ANKRD22"
"1110","ANKRD30A"
"1111","ANKRD32"
"1112","ANKRD33"
"1113","ANKRD42"
"1114","ANKRD45"
"1115","ANKRD49"
"1116","ANKRD53"
"1117","ANKRD54"
"1118","ANKRD55"
"1119","ANKRD6"
"1120","ANKRD7"
"1121","ANKRA2"
"1122","ANHX"
"1123","APEX2"
"1124","APOL2"
"1125","AATF"
"1126","APTX"
"1127","AGAP3"
"1128","ARGFX"
"1129","RERE"
"1130","ARIH2"
"1131","ARRB1"
"1132","AIP"
"1133","AHRR"
"1134","ASF1A"
"1135","ASH1L"
"1136","ASH2L"
"1137","AHCTF1"
"1138","AHCTF1P1"
"1139","AHDC1"
"1140","ARID1A"
"1141","ARID1B"
"1142","ARID2"
"1143","ARID4A"
"1144","ARID4B"
"1145","ATR"
"1146","ATM"
"1147","ATXN1"
"1148","ATXN2"
"1149","ATXN7"
"1150","ATXN7L2"
"1151","ATMIN"
"1152","ATOH8"
"1153","ABCA11P"
"1154","ABCA4"
"1155","ATN1"
"1156","ATG4B"
"1157","BDP1"
"1158","BAGE2"
"1159","BZW1"
"1160","BZW2"
"1161","BLZF1"
"1162","BATF2"
"1163","BTF3"
"1164","BTF3P11"
"1165","BTF3P12"
"1166","BTF3P13"
"1167","BCL2"
"1168","BCL3"
"1169","BTG1"
"1170","BAG1"
"1171","BCOR"
"1172","BLOC1S1"
"1173","BOD1L1"
"1174","BLM"
"1175","BMI1"
"1176","BOLA1"
"1177","BOLA2"
"1178","BOLA2B"
"1179","BOLA3"
"1180","BMP2"
"1181","BMP4"
"1182","BMP5"
"1183","BMP7"
"1184","BMYC"
"1185","BEX1"
"1186","BARD1"
"1187","BRCA2"
"1188","BRF1"
"1189","BRF2"
"1190","BIN1"
"1191","BAZ1A"
"1192","BAZ1B"
"1193","BAZ2A"
"1194","BAZ2B"
"1195","BRPF1"
"1196","BRPF3"
"1197","BRWD1"
"1198","BRD1"
"1199","BRD2"
"1200","BRD3"
"1201","BRD4"
"1202","BRD7"
"1203","BRD8"
"1204","BRD9"
"1205","BPTF"
"1206","BRDT"
"1207","BTAF1"
"1208","BTBD1"
"1209","BTBD2"
"1210","BTBD6"
"1211","BANP"
"1212","BUD31"
"1213","C1D"
"1214","ABL1"
"1215","CALCOCO1"
"1216","CARHSP1"
"1217","CASK"
"1218","CAMTA2"
"1219","CALR"
"1220","CNPY3"
"1221","CASP8AP2"
"1222","CECR6"
"1223","CTNNB1"
"1224","CTNND1"
"1225","CTNNBIP1"
"1226","CBL"
"1227","CBLL1"
"1228","CITED1"
"1229","CITED2"
"1230","CITED4"
"1231","CCRN4L"
"1232","CNOT1"
"1233","CNOT2"
"1234","CNOT4"
"1235","CNOT6"
"1236","CNOT6L"
"1237","CNOT7"
"1238","CNOT8"
"1239","CD36"
"1240","CIZ1"
"1241","CDIP1"
"1242","CDC2B"
"1243","CDC6"
"1244","CCAR1"
"1245","CDCA7"
"1246","CGRRF1"
"1247","CREG1"
"1248","CRABP2"
"1249","CENPBD1"
"1250","CNTRL"
"1251","CENPB"
"1252","CENPF"
"1253","CENPK"
"1254","CENPT"
"1255","CERS2"
"1256","CERS3"
"1257","CERS4"
"1258","CERS5"
"1259","CERS6"
"1260","CDR2"
"1261","CDR2L"
"1262","CCT4"
"1263","CHMP3"
"1264","CHRAC1"
"1265","CHAF1A"
"1266","CBX1"
"1267","CBX2"
"1268","CBX3"
"1269","CBX4"
"1270","CBX5"
"1271","CBX6"
"1272","CBX7"
"1273","CBX8"
"1274","CHD1"
"1275","CHD1L"
"1276","CHD2"
"1277","CHD3"
"1278","CHD4"
"1279","CHD5"
"1280","CHD6"
"1281","CHD7"
"1282","CHD8"
"1283","CHD9"
"1284","C11ORF95"
"1285","C14ORF101"
"1286","C14ORF166"
"1287","C16ORF80"
"1288","C17ORF49"
"1289","C19ORF25"
"1290","C19ORF6"
"1291","C20ORF194"
"1292","C21ORF7"
"1293","C22ORF31"
"1294","C4ORF21"
"1295","CHAMP1"
"1296","CHURC1"
"1297","CIITA"
"1298","CPSF4"
"1299","CPSF4L"
"1300","CLASRP"
"1301","MYCBP"
"1302","CARM1"
"1303","COBRA1"
"1304","CCDC59"
"1305","CCDC71"
"1306","CCDC79"
"1307","CCDC85B"
"1308","CCDC88B"
"1309","COIL"
"1310","CSDC2"
"1311","CSDE1"
"1312","COPS2"
"1313","COPS3"
"1314","COPS4"
"1315","COPS5"
"1316","CBFB"
"1317","CBFA2T2"
"1318","CBFA2T3"
"1319","CIR1"
"1320","CORO1A"
"1321","CPXCR1"
"1322","CRTC1"
"1323","CRTC3"
"1324","CREBZF"
"1325","CRAMP1L"
"1326","CRXOS1"
"1327","CRY1"
"1328","CTDP1"
"1329","CTDSP1"
"1330","CTDSPL"
"1331","CTBP1"
"1332","CTR9"
"1333","CELF3"
"1334","CUL1"
"1335","CUL2"
"1336","CUL3"
"1337","CUL4A"
"1338","CUL4B"
"1339","CUL5"
"1340","CAND1"
"1341","CAND2"
"1342","CXXC1"
"1343","CCNA2"
"1344","CCNC"
"1345","CCNE1"
"1346","CCNH"
"1347","CCNT1"
"1348","CCNT2"
"1349","CDK2"
"1350","CDK5"
"1351","CDK7"
"1352","CDK8"
"1353","CDK9"
"1354","CDKN1A"
"1355","CDKN1B"
"1356","CDKN1C"
"1357","CDKN2A"
"1358","CSRP1"
"1359","CSRP2"
"1360","CSRP3"
"1361","CRIP1"
"1362","CRIP2"
"1363","CPHX"
"1364","CIAO1"
"1365","DPF2"
"1366","DDB1"
"1367","DDB2"
"1368","DAZAP2"
"1369","DZIP1"
"1370","DZIP1L"
"1371","DCP1A"
"1372","DDX5"
"1373","DDX20"
"1374","DDX3X"
"1375","DDX54"
"1376","DHX57"
"1377","DHX34"
"1378","DHX38"
"1379","DEDD"
"1380","DEDD2"
"1381","DAXX"
"1382","DEK"
"1383","DTX1"
"1384","DTX2"
"1385","DNTTIP2"
"1386","DUT"
"1387","DEPDC1"
"1388","DEPDC1B"
"1389","DEPDC4"
"1390","DEPDC5"
"1391","DEPDC7"
"1392","DEPTOR"
"1393","DSP"
"1394","DUS3L"
"1395","DIP2C"
"1396","DAB2"
"1397","DVL1"
"1398","DVL1L1"
"1399","DVL2"
"1400","DVL3"
"1401","DPRX"
"1402","DMC1"
"1403","DMRTA1"
"1404","DMRTA2"
"1405","DMRTB1"
"1406","DMRTC1"
"1407","DMRTC2"
"1408","DNMT1"
"1409","DNMT3A"
"1410","DNMT3B"
"1411","DNMT3L"
"1412","DMAP1"
"1413","DNAJA3"
"1414","DNAJB6"
"1415","DNAJC1"
"1416","DNAJC2"
"1417","DNAJC21"
"1418","ZIM1"
"1419","DOT1L"
"1420","DUX2"
"1421","DUX3"
"1422","DUX4L11"
"1423","DUX4L2"
"1424","DUX4L3"
"1425","DUX4L4"
"1426","DUX4L5"
"1427","DUX4L6"
"1428","DUX4L7"
"1429","DUX4L9"
"1430","DUX5"
"1431","DUXA"
"1432","DUXBL"
"1433","LOC652119"
"1434","LOC653541"
"1435","DMRT3"
"1436","DR1"
"1437","DRAP1"
"1438","DUSP12"
"1439","DYRK1B"
"1440","DYNLL1"
"1441","EP400"
"1442","EEA1"
"1443","ECD"
"1444","ECSIT"
"1445","ENC1"
"1446","EFCAB6"
"1447","EGLN1"
"1448","EGLN2"
"1449","EGLN3"
"1450","ELAVL2"
"1451","EAF1"
"1452","ELMSAN1"
"1453","ELL"
"1454","ELL3"
"1455","ELL2"
"1456","ELP2"
"1457","ERMP1"
"1458","EDF1"
"1459","EPC1"
"1460","EZH1"
"1461","EZH2"
"1462","EID1"
"1463","EID2"
"1464","EGF"
"1465","EPS15"
"1466","ERGIC2"
"1467","ERI2"
"1468","EME2"
"1469","ETOHI1"
"1470","ETV3L"
"1471","EHMT1"
"1472","EHMT2"
"1473","EEF1A1"
"1474","EIF2AK2"
"1475","EIF2C2"
"1476","EIF3C"
"1477","EIF3CL"
"1478","EIF3K"
"1479","EIF5B"
"1480","EVX1"
"1481","EVX2"
"1482","LOC284685"
"1483","ERCC2"
"1484","ERCC3"
"1485","ERCC6"
"1486","ERCC8"
"1487","EXOC2"
"1488","ESPL1"
"1489","EYA1"
"1490","EYA2"
"1491","EYA3"
"1492","EYA4"
"1493","FAM171B"
"1494","FAM189B"
"1495","FAIM3"
"1496","FBXL19"
"1497","FBXW7"
"1498","FBXO41"
"1499","FBXO7"
"1500","FEM1A"
"1501","FBN1"
"1502","FANK1"
"1503","FLNA"
"1504","FLJ46838"
"1505","FIZ1"
"1506","FOXD4L2"
"1507","FOXD4L4"
"1508","FOXI3"
"1509","LOC100288524"
"1510","FOXO3B"
"1511","FMNL2"
"1512","FHL1"
"1513","FHL2"
"1514","FHL5"
"1515","FMR1"
"1516","FXR1"
"1517","FXR2"
"1518","FUS"
"1519","FGD1"
"1520","GPATCH8"
"1521","GPS2"
"1522","GPR123"
"1523","GPR155"
"1524","GABPB1"
"1525","ZFP40"
"1526","GATAD1"
"1527","GATAD2A"
"1528","GATAD2B"
"1529","GPBP1"
"1530","GPBP1L1"
"1531","GTF2A1"
"1532","GTF2A1L"
"1533","GTF2A2"
"1534","GTF2B"
"1535","GTF2E1"
"1536","GTF2E2"
"1537","GTF2F1"
"1538","GTF2F2"
"1539","GTF2H1"
"1540","GTF2H2"
"1541","GTF2H2C"
"1542","GTF2H2D"
"1543","GTF2H3"
"1544","GTF2H4"
"1545","GTF2I"
"1546","GTF3A"
"1547","GTF3C1"
"1548","GTF3C2"
"1549","GTF3C3"
"1550","GTF3C4"
"1551","GTF3C5"
"1552","GLI4"
"1553","GCM2"
"1554","GRM6"
"1555","GLYR1"
"1556","GON4L"
"1557","GADD45A"
"1558","GAS7"
"1559","GREB1"
"1560","GTF2IRD1"
"1561","GTF2IRD2"
"1562","GTF2IRD2B"
"1563","GTPBP1"
"1564","H1F0"
"1565","H1FOO"
"1566","H1FX"
"1567","HMX2"
"1568","HAX1"
"1569","HSBP1"
"1570","HSF2BP"
"1571","HSF3"
"1572","HSF5"
"1573","HSFX1"
"1574","HSFX2"
"1575","HSFY2"
"1576","HSFY1"
"1577","HERC1"
"1578","HELZ"
"1579","HELZ2"
"1580","HCLS1"
"1581","HMOX2"
"1582","HDGFRP2"
"1583","HP1BP3"
"1584","HNRNPA3"
"1585","HNRNPC"
"1586","HNRNPD"
"1587","HNRPDL"
"1588","HNRNPH2"
"1589","HNRNPL"
"1590","HNRPLL"
"1591","HNRNPR"
"1592","HNRNPU"
"1593","HNRNPUL1"
"1594","HEXIM1"
"1595","HMG20B"
"1596","HMGA1P8"
"1597","HMGB1"
"1598","HMGB1P10"
"1599","HMGB1L"
"1600","HMGB2"
"1601","HMGB3"
"1602","HMGB3P1"
"1603","HMGB3P10"
"1604","HMGB3P22"
"1605","HMGB4"
"1606","HMGN2"
"1607","HMGN3"
"1608","HMGN4"
"1609","HMGN1"
"1610","HMGN5"
"1611","HDX"
"1612","HPCA"
"1613","HPCAL1"
"1614","HIRA"
"1615","HIST1H1A"
"1616","HIST1H1B"
"1617","HIST1H1C"
"1618","HIST1H1D"
"1619","HIST1H1E"
"1620","HIST1H1T"
"1621","HIST1H2BB"
"1622","HIST1H2BC"
"1623","HIST1H2BD"
"1624","HIST1H2BE"
"1625","HIST1H2BG"
"1626","HIST1H2BH"
"1627","HIST1H2BJ"
"1628","HIST1H2BN"
"1629","HIST2H2BE"
"1630","HDAC1"
"1631","HDAC10"
"1632","HDAC11"
"1633","HDAC2"
"1634","HDAC3"
"1635","HDAC4"
"1636","HDAC6"
"1637","HDAC7"
"1638","HDAC8"
"1639","HDAC9"
"1640","HILS1"
"1641","HTATSF1"
"1642","HKR1"
"1643","HMGXB3"
"1644","HMGXB4"
"1645","MSX3"
"1646","HOXC12"
"1647","HOXD12"
"1648","HPX-2"
"1649","HIPK1"
"1650","HIPK2"
"1651","HIPK3"
"1652","HOPX"
"1653","HCFC2"
"1654","HTT"
"1655","HABP4"
"1656","MGAT5"
"1657","HIF1AN"
"1658","IKZF4"
"1659","IGHV3-11"
"1660","IGKV4-80"
"1661","IVNS1ABP"
"1662","ID1"
"1663","ID2"
"1664","ID2B"
"1665","ID3"
"1666","ID4"
"1667","ING1"
"1668","ING2"
"1669","ING3"
"1670","ING4"
"1671","ING5"
"1672","IKBKB"
"1673","IKBKAP"
"1674","IKBKG"
"1675","INSR"
"1676","INSM2"
"1677","INTS12"
"1678","INTS4"
"1679","ITGB3BP"
"1680","IRF2BP1"
"1681","IL16"
"1682","ILF2"
"1683","ILF3"
"1684","ISX"
"1685","IFT172"
"1686","IFT57"
"1687","INF2"
"1688","IQSEC3"
"1689","IRX4"
"1690","JAK2"
"1691","JAZF1"
"1692","JRK"
"1693","JRKL"
"1694","JMJD1C"
"1695","JMJD4"
"1696","JMY"
"1697","JUP"
"1698","KAT2A"
"1699","KAT2B"
"1700","KAT5"
"1701","KAT6A"
"1702","KAT6B"
"1703","KAT7"
"1704","LOC648927"
"1705","KAT8"
"1706","KLHDC5"
"1707","KBTBD7"
"1708","KLHL1"
"1709","KLHL12"
"1710","KLHL13"
"1711","KLHL14"
"1712","KLHL21"
"1713","KLHL25"
"1714","KLHL26"
"1715","KLHL28"
"1716","KLHL3"
"1717","KLHL36"
"1718","KLHL4"
"1719","KBTBD5"
"1720","KBTBD10"
"1721","KLHL5"
"1722","KLHL6"
"1723","KLHL8"
"1724","KEAP1"
"1725","KRTAP5-1"
"1726","KRTAP5-9"
"1727","KRTAP9-1"
"1728","KHDRBS1"
"1729","KHDRBS2"
"1730","KHDRBS3"
"1731","KIAA0040"
"1732","KIAA1549"
"1733","KIAA1683"
"1734","KIAA2018"
"1735","RGD1303130"
"1736","KIN"
"1737","KNTC1"
"1738","KANK2"
"1739","KRBA1"
"1740","KCNIP1"
"1741","KCNIP2"
"1742","KCNIP4"
"1743","L3MBTL1"
"1744","L3MBTL2"
"1745","L3MBTL3"
"1746","L3MBTL4"
"1747","LARP1"
"1748","LARP1B"
"1749","LARP4"
"1750","LARP4B"
"1751","LARP6"
"1752","LARP7"
"1753","LBX2"
"1754","LAS1L"
"1755","LIME1"
"1756","LRRFIP2"
"1757","LRRC14"
"1758","LEUTX"
"1759","LDOC1"
"1760","LZTS1"
"1761","LZTS2"
"1762","LRPPRC"
"1763","LGR4"
"1764","LZTR1"
"1765","LENG9"
"1766","LCOR"
"1767","LMO7"
"1768","LIMA1"
"1769","LDB1"
"1770","LDB2"
"1771","LPP"
"1772","LMO1"
"1773","LMO3"
"1774","LMO4"
"1775","LIMD1"
"1776","LHX5"
"1777","LHX8"
"1778","LIN28A"
"1779","LIN28B"
"1780","LIN28C"
"1781","LIN54"
"1782","LSR"
"1783","LTN1"
"1784","LYAR"
"1785","LYL1"
"1786","KDM1A"
"1787","KDM2A"
"1788","KDM2B"
"1789","KDM3A"
"1790","KDM3B"
"1791","KDM4A"
"1792","KDM4B"
"1793","KDM4C"
"1794","KDM4D"
"1795","KDM5A"
"1796","KDM5B"
"1797","KDM5C"
"1798","KDM5D"
"1799","MST1R"
"1800","MAEL"
"1801","MAF1"
"1802","MFSD12"
"1803","MFSD3"
"1804","HLA-DQB1"
"1805","HLA-DQB2"
"1806","HLA-DRB3"
"1807","HLA-DRB4"
"1808","HLA-DRB5"
"1809","MKRN1"
"1810","MKRN2"
"1811","MKRN3"
"1812","MKRN9P"
"1813","MSL3"
"1814","MANSC1"
"1815","MAML1"
"1816","MAML2"
"1817","MAML3"
"1818","MAMLD1"
"1819","MATR3"
"1820","MMP14"
"1821","MDM2"
"1822","MDM4"
"1823","MED10"
"1824","MED12"
"1825","MED13"
"1826","MED13L"
"1827","MED14"
"1828","MED15"
"1829","MED16"
"1830","MED17"
"1831","MED20"
"1832","MED21"
"1833","MED23"
"1834","MED24"
"1835","MED25"
"1836","MED26"
"1837","MED27"
"1838","MED30"
"1839","MED31"
"1840","MED4"
"1841","MED6"
"1842","MED7"
"1843","MED8"
"1844","MEFV"
"1845","MAMSTR"
"1846","MKL1"
"1847","MEIS3P1"
"1848","MEIS3P2"
"1849","MBTPS2"
"1850","MNAT1"
"1851","MIER1"
"1852","MIER2"
"1853","MIER3"
"1854","MET"
"1855","MTDH"
"1856","MTA1"
"1857","MTA2"
"1858","MTA3"
"1859","MSRB2"
"1860","MECP2"
"1861","MBD1"
"1862","MBD2"
"1863","MBD3"
"1864","MBD3L1"
"1865","MBD4"
"1866","MBD6"
"1867","METTL3"
"1868","MICALL1"
"1869","MACF1"
"1870","MID1"
"1871","MID2"
"1872","MCM2"
"1873","MCM3"
"1874","MCM4"
"1875","MCM5"
"1876","MCM6"
"1877","MCM7"
"1878","MCM8"
"1879","MCM9"
"1880","MIS18BP1"
"1881","MINK1"
"1882","MRPL28"
"1883","MRRF"
"1884","MAPK1"
"1885","MAPK14"
"1886","MAPK3"
"1887","MAPK7"
"1888","MAPK8IP1"
"1889","MKI67IP"
"1890","MKL2"
"1891","MMS19"
"1892","MORF4"
"1893","MORF4L1"
"1894","MORF4L2"
"1895","MNX1"
"1896","MPHOSPH8"
"1897","MPLKIP"
"1898","MSX2P1"
"1899","MSS51"
"1900","MTERFD3"
"1901","MEN1"
"1902","MBNL1"
"1903","MBNL2"
"1904","MBNL3"
"1905","MYBBP1A"
"1906","MYSM1"
"1907","MYCBP2"
"1908","MYCLK1"
"1909","MYCS"
"1910","MYCNOS"
"1911","MYRFL"
"1912","MNDA"
"1913","MLLT1"
"1914","MLLT10"
"1915","MLLT11"
"1916","MLLT3"
"1917","MLLT4"
"1918","MLLT6"
"1919","MLL2"
"1920","MLL3"
"1921","MLL4"
"1922","MLL5"
"1923","MDFI"
"1924","MYNN"
"1925","MPRIP"
"1926","NAA15"
"1927","NDUFA13"
"1928","NKD2"
"1929","NANOGP1"
"1930","NANOGNB"
"1931","NDN"
"1932","NDNL2"
"1933","N4BP3"
"1934","NEIL2"
"1935","NEIL3"
"1936","NLK"
"1937","NEDD8"
"1938","NBL1"
"1939","NCALD"
"1940","NCS1"
"1941","NAB1"
"1942","NAB2"
"1943","NRK"
"1944","NKX1-1"
"1945","NKX2-4"
"1946","NME2"
"1947","NMI"
"1948","NONO"
"1949","NOP2"
"1950","NOTCH1"
"1951","NOTCH2"
"1952","NOTCH3"
"1953","NOTCH4"
"1954","NOTO"
"1955","NFATC2IP"
"1956","NFKBID"
"1957","NFKBIA"
"1958","NFKBIB"
"1959","NFKBIE"
"1960","NFKBIL1"
"1961","NFRKB"
"1962","NUFIP1"
"1963","NUFIP2"
"1964","NPAT"
"1965","NUPR1"
"1966","NRBF2"
"1967","LOC643232"
"1968","NSD1"
"1969","NCOA1"
"1970","NCOA2"
"1971","NCOA3"
"1972","NCOA4"
"1973","NCOA5"
"1974","NCOA6"
"1975","NCOA7"
"1976","NCOR1"
"1977","NCOR2"
"1978","NRIP1"
"1979","NRIP3"
"1980","NR0B2"
"1981","NOLC1"
"1982","NOC3L"
"1983","NOC4L"
"1984","NPM1"
"1985","NPM2"
"1986","NUP62"
"1987","NUP98"
"1988","NUPL2"
"1989","NAP1L2"
"1990","NAP1L3"
"1991","NAP1L4"
"1992","NDEL1"
"1993","MGMT"
"1994","OBOX1"
"1995","OBOX2"
"1996","OBOX3"
"1997","OBOX5"
"1998","OBOX6"
"1999","OPTN"
"2000","ORC2"
"2001","OTOP3"
"2002","OTUD7B"
"2003","OVOL3"
"2004","PSPC1"
"2005","PTCH1"
"2006","PTCHD2"
"2007","PAXIP1"
"2008","GCFC1"
"2009","PSIP1"
"2010","PDS5B"
"2011","PDLIM1"
"2012","PDLIM4"
"2013","PDLIM5"
"2014","PIN1"
"2015","PER1"
"2016","PER2"
"2017","PER3"
"2018","PEX14"
"2019","PPARGC1A"
"2020","PPARGC1B"
"2021","PPRC1"
"2022","PPAN"
"2023","PHRF1"
"2024","PHF1"
"2025","PHF11"
"2026","PHF12"
"2027","PHF13"
"2028","PHF14"
"2029","PHF15"
"2030","PHF16"
"2031","PHF17"
"2032","PHF19"
"2033","PHF2"
"2034","PHF20L1"
"2035","PHF21A"
"2036","PHF21B"
"2037","PHF23"
"2038","PHF3"
"2039","PHF5A"
"2040","PHF8"
"2041","FARSA"
"2042","FARSB"
"2043","PTEN"
"2044","PICALM"
"2045","PREX1"
"2046","PREX2"
"2047","PACS2"
"2048","PIKFYVE"
"2049","PGBD1"
"2050","PIM1"
"2051","PINX1"
"2052","PNN"
"2053","PIR"
"2054","PTTG1"
"2055","PTTG1IP"
"2056","PLEK"
"2057","PLEK2"
"2058","PLEKHA4"
"2059","LOC152845"
"2060","PLRG1"
"2061","PLXNA1"
"2062","PLXNA2"
"2063","PLXNA3"
"2064","PLXNB1"
"2065","PLXNB2"
"2066","PLXNB3"
"2067","PLXNC1"
"2068","PLXND1"
"2069","PMS1"
"2070","POGK"
"2071","POGZ"
"2072","PARP12"
"2073","PARP4"
"2074","PABPN1"
"2075","PAPOLA"
"2076","PAPOLB"
"2077","PAPOLG"
"2078","PARN"
"2079","PCBP1"
"2080","PCBP2"
"2081","PCBP3"
"2082","PCBP4"
"2083","PMF1"
"2084","PBRM1"
"2085","PCGF2"
"2086","PCGF3"
"2087","PKHD1"
"2088","PKHD1L1"
"2089","PQBP1"
"2090","PHC1"
"2091","POLE3"
"2092","POLE4"
"2093","POLR1A"
"2094","POLR1B"
"2095","POLR1C"
"2096","POLR1D"
"2097","POLR1E"
"2098","POLR2A"
"2099","POLR2B"
"2100","POLR2C"
"2101","POLR2D"
"2102","POLR2E"
"2103","POLR2F"
"2104","POLR2G"
"2105","POLR2H"
"2106","POLR2I"
"2107","POLR2J"
"2108","POLR2J2"
"2109","POLR2K"
"2110","POLR2L"
"2111","POLR3A"
"2112","POLR3B"
"2113","POLR3C"
"2114","POLR3D"
"2115","POLR3E"
"2116","POLR3F"
"2117","POLR3H"
"2118","POLR3K"
"2119","PTRF"
"2120","PTBP1"
"2121","PUF60"
"2122","PMS2P3"
"2123","KCMF1"
"2124","POTEKP"
"2125","POU2AF1"
"2126","POU5F1B"
"2127","POU5F2"
"2128","PRDM11"
"2129","PRDM6"
"2130","PRDM7"
"2131","PRDM8"
"2132","PRDM9"
"2133","PBXIP1"
"2134","GM5294"
"2135","PFDN1"
"2136","PFDN5"
"2137","PRICKLE3"
"2138","PAWR"
"2139","PDCD11"
"2140","PDCD7"
"2141","PHB2"
"2142","PCNA"
"2143","PA2G4"
"2144","PRR12"
"2145","PRR3"
"2146","PRR7"
"2147","PNRC1"
"2148","PNRC2"
"2149","PRB3"
"2150","PRH1"
"2151","PML"
"2152","PPBPP2"
"2153","PCSK6"
"2154","PROSAPIP1"
"2155","PROX2"
"2156","PTGER3"
"2157","PSMC2"
"2158","PSMC3"
"2159","PSMC5"
"2160","PSMD11"
"2161","PSMD12"
"2162","PRMT3"
"2163","PRMT5"
"2164","PRMT7"
"2165","PIAS1"
"2166","PIAS2"
"2167","PIAS3"
"2168","PIAS4"
"2169","PKN1"
"2170","PRKDC"
"2171","PPP1R10"
"2172","PPP1R13L"
"2173","PPP1R13B"
"2174","PPP1R8"
"2175","PPP2CA"
"2176","PPP2R1A"
"2177","PPP2R3B"
"2178","PPP3R1"
"2179","PRKRIR"
"2180","PTMA"
"2181","PRPF31"
"2182","PRPF4B"
"2183","PRPF6"
"2184","PSMC3IP"
"2185","PCBD1"
"2186","PCBD2"
"2187","PURG"
"2188","PHTF1"
"2189","PHTF2"
"2190","PWP1"
"2191","PYGO1"
"2192","PYGO2"
"2193","RABGEF1"
"2194","RAB11FIP3"
"2195","RAD51"
"2196","RAD51B"
"2197","RAD54B"
"2198","RAN"
"2199","RBCK1"
"2200","RAPGEF3"
"2201","RAPGEF4"
"2202","RAPGEF5"
"2203","RIN3"
"2204","RASSF7"
"2205","RHOA"
"2206","RB1CC1"
"2207","RBAK"
"2208","RBBP8NL"
"2209","RDBP"
"2210","RLF"
"2211","RIPK4"
"2212","RAG1"
"2213","RBPSUH"
"2214","RBPSUH-RS3"
"2215","RCVRN"
"2216","RIMS3"
"2217","RCAN1"
"2218","RGCC"
"2219","RGS11"
"2220","RGS14"
"2221","RGS6"
"2222","RGS7"
"2223","RGS9"
"2224","RFXANK"
"2225","RFXAP"
"2226","RELL2"
"2227","RSF1"
"2228","RFC1"
"2229","REPIN1"
"2230","RPA2"
"2231","RPA4"
"2232","RHOX1"
"2233","RHOX10"
"2234","RHOX11"
"2235","RHOX12"
"2236","RHOX13"
"2237","RHOX2A"
"2238","RHOX2B"
"2239","RHOX2C"
"2240","RHOX2D"
"2241","RHOX2F"
"2242","RHOX2G"
"2243","RHOX2H"
"2244","RHOX3A"
"2245","RHOX3C"
"2246","RHOX3F"
"2247","RHOX3H"
"2248","RHOX4A"
"2249","RHOX4C"
"2250","RHOX4D"
"2251","RHOX4E"
"2252","RHOX4F"
"2253","RHOX4G"
"2254","RHOX6"
"2255","RHOX7"
"2256","RHOX8"
"2257","RHOX9"
"2258","RHOX2"
"2259","RHOX3"
"2260","LOC100363014"
"2261","RCOR2"
"2262","RCOR2L1"
"2263","RCOR3"
"2264","RFPL3"
"2265","RB1"
"2266","RBBP4"
"2267","RBBP5"
"2268","RBBP7"
"2269","RBBP8"
"2270","RBBP9"
"2271","RBL1"
"2272","RBL2"
"2273","RAI14"
"2274","REXO2"
"2275","REXO4"
"2276","RFX8"
"2277","ARHGEF25"
"2278","ROCK1"
"2279","ROCK2"
"2280","RHOXF1"
"2281","RNASE2"
"2282","RPL7"
"2283","RPL7A"
"2284","RPS3"
"2285","RPS6KA4"
"2286","RPS6KA5"
"2287","RC3H1"
"2288","RC3H2"
"2289","RNF6"
"2290","RING1"
"2291","RNF10"
"2292","RNF103"
"2293","RNF113A"
"2294","RNF113B"
"2295","RNF114"
"2296","RNF115"
"2297","RNF125"
"2298","RNF13"
"2299","RNF135"
"2300","RNF138"
"2301","RNF14"
"2302","RNF144A"
"2303","RNF166"
"2304","RNF19A"
"2305","RNF20"
"2306","RNF24"
"2307","RNF25"
"2308","RNF4"
"2309","RNF41"
"2310","RNF8"
"2311","RLIM"
"2312","RYBP"
"2313","RIOK2"
"2314","RBM10"
"2315","RBM14"
"2316","RBM15"
"2317","RBM15B"
"2318","RBM20"
"2319","RBM22"
"2320","RBM26"
"2321","RBM27"
"2322","RBM39"
"2323","RBM5"
"2324","RBM6"
"2325","RBM7"
"2326","RBMX"
"2327","RBMXL2"
"2328","RNPS1"
"2329","RBPMS"
"2330","RBFOX2"
"2331","RRN3"
"2332","RUFY3"
"2333","RUNX1T1"
"2334","RUVBL1"
"2335","RUVBL2"
"2336","S100A1"
"2337","SAP30BP"
"2338","SAFB"
"2339","SAFB2"
"2340","SCAND1"
"2341","SCAND2"
"2342","SCAND3"
"2343","SFMBT1"
"2344","SSPO"
"2345","SEBOX"
"2346","SEC14L2"
"2347","SEMA4A"
"2348","SQSTM1"
"2349","SRRM1"
"2350","SRSF1"
"2351","SRSF10"
"2352","SRSF2"
"2353","SRSF3"
"2354","SRSF5"
"2355","SRSF6"
"2356","SRSF8"
"2357","SRSF9"
"2358","STK36"
"2359","SERTAD1"
"2360","SERTAD2"
"2361","SERTAD3"
"2362","SMYD1"
"2363","SMYD3"
"2364","SETBP1"
"2365","SETD7"
"2366","SETD8"
"2367","SETD1A"
"2368","SETD1B"
"2369","SETD2"
"2370","SETD4"
"2371","SETDB1"
"2372","SETDB2"
"2373","SCMH1"
"2374","SCML1"
"2375","SCML2"
"2376","SIAH1"
"2377","SIAH2"
"2378","RGD1563666"
"2379","RGD1560095"
"2380","RGD1560135"
"2381","RGD1565550"
"2382","RGD1563034"
"2383","LOC680273"
"2384","RGD1560225"
"2385","RGD1563833"
"2386","RHOX4B"
"2387","RGD1564927"
"2388","MGC112830"
"2389","RGD1561748"
"2390","ZFP939"
"2391","SIN3A"
"2392","SIN3B"
"2393","SAP130"
"2394","SAP18"
"2395","SAP30"
"2396","SSBP3"
"2397","SSBP4"
"2398","SSBP2"
"2399","SIRT1"
"2400","SIRT2"
"2401","SIRT3"
"2402","SIRT4"
"2403","SIRT5"
"2404","SIRT6"
"2405","SIRT7"
"2406","SSB"
"2407","SKOR1"
"2408","SKOR2"
"2409","SKIDA1"
"2410","SLC2A4RG"
"2411","SSH1"
"2412","SSH2"
"2413","SSH3"
"2414","SMAD7"
"2415","SMAD9"
"2416","SNIP1"
"2417","SMURF2"
"2418","SNRNP27"
"2419","SNRNP70"
"2420","SNRPD1"
"2421","SNRPA"
"2422","SNRPB2"
"2423","SNRPC"
"2424","SNRPB"
"2425","SNAPC1"
"2426","SNAPC2"
"2427","SNAPC3"
"2428","SNAPC4"
"2429","SNAPC5"
"2430","SOLH"
"2431","SMCR7L"
"2432","SUMO1"
"2433","SMYD5"
"2434","SHPRH"
"2435","SRCAP"
"2436","SNURF"
"2437","SNW1"
"2438","SLC22A4"
"2439","SLC26A3"
"2440","SLC29A3"
"2441","SLC30A9"
"2442","SLC39A10"
"2443","SLC4A10"
"2444","SHH"
"2445","SORBS2"
"2446","SORBS3"
"2447","SOWAHC"
"2448","SP100"
"2449","SP140"
"2450","SP140L"
"2451","SYNE1"
"2452","SPEN"
"2453","SCAPER"
"2454","SF1"
"2455","SF3A2"
"2456","SF3A3"
"2457","SFPQ"
"2458","SFSWAP"
"2459","SPO11"
"2460","SPOCD1"
"2461","SART1"
"2462","SART3"
"2463","SLA2"
"2464","SCAF1"
"2465","SCAF8"
"2466","SND1"
"2467","SAMD4B"
"2468","SRA1"
"2469","STON1-GTF2A1L"
"2470","STON1"
"2471","STRN"
"2472","STRN3"
"2473","SSRP1"
"2474","SUFU"
"2475","SUPT16H"
"2476","SUPT3H"
"2477","SUPT4H1"
"2478","SUPT5H"
"2479","SUPT6H"
"2480","SUPT7L"
"2481","SUV39H1"
"2482","SUV39H2"
"2483","SUV420H1"
"2484","SUGP1"
"2485","SUGP2"
"2486","SMARCA1"
"2487","SMARCA2"
"2488","SMARCA4"
"2489","SMARCA5"
"2490","SMARCAL1"
"2491","SMARCB1"
"2492","SMARCC1"
"2493","SMARCC2"
"2494","SMARCD1"
"2495","SMARCD2"
"2496","SMARCD3"
"2497","SMARCE1"
"2498","SMARCAD1"
"2499","SS18L1"
"2500","SSX1"
"2501","SSX2"
"2502","SSX3"
"2503","SSX4"
"2504","SSX5"
"2505","SSX6"
"2506","SSX7"
"2507","SSX8"
"2508","SSX9"
"2509","SSXB1"
"2510","TAF1L"
"2511","TAF1"
"2512","TAF10"
"2513","TAF11"
"2514","TAF12"
"2515","TAF13"
"2516","TAF15"
"2517","TAF2"
"2518","TAF3"
"2519","TAF4"
"2520","TAF4B"
"2521","TAF5"
"2522","TAF5L"
"2523","TAF6"
"2524","TAF6L"
"2525","TAF7"
"2526","TAF7L"
"2527","TAF8"
"2528","TAF9"
"2529","TAF9B"
"2530","TARBP1"
"2531","TARBP2"
"2532","TOE1"
"2533","TAF1A"
"2534","TAF1B"
"2535","TAF1C"
"2536","TAF1D"
"2537","TBPL2"
"2538","TMF1"
"2539","TAX1BP1"
"2540","TAX1BP3"
"2541","TBC1D10B"
"2542","TBC1D22A"
"2543","TBC1D2B"
"2544","TIPARP"
"2545","TAL2"
"2546","TLX3"
"2547","TFPT"
"2548","TEAD3"
"2549","TECPR1"
"2550","TERF1"
"2551","TERF1P2"
"2552","TERF2"
"2553","TERF2IP"
"2554","LOC646127"
"2555","TUT1"
"2556","TPRX1"
"2557","TPRXL"
"2558","TGIF2"
"2559","TGIF2LX2"
"2560","TGIF2LY"
"2561","TH1L"
"2562","THAP10"
"2563","THAP4"
"2564","THAP5"
"2565","THAP6"
"2566","THAP7"
"2567","THAP8"
"2568","THAP9"
"2569","THAP2"
"2570","THAP3"
"2571","TXN"
"2572","TXNIP"
"2573","RSL1"
"2574","TDG"
"2575","TOX"
"2576","THRAP3"
"2577","TRIP10"
"2578","TRIP11"
"2579","TRIP13"
"2580","TRIP4"
"2581","TRIP6"
"2582","TIAL1"
"2583","TIGD2"
"2584","TIGD3"
"2585","TIGD4"
"2586","TIGD5"
"2587","TIGD6"
"2588","TIGD7"
"2589","TIMELESS"
"2590","TRAF4"
"2591","TRAF6"
"2592","TONSL"
"2593","TICRR"
"2594","TOP2B"
"2595","TOP3A"
"2596","TOPORS"
"2597","TOX4"
"2598","TRAK1"
"2599","TRAFD1"
"2600","TCEANC"
"2601","TCEANC2"
"2602","TCEA1"
"2603","TCEA2"
"2604","TCEA3"
"2605","TCEAL1"
"2606","TCEAL8"
"2607","TCEB1"
"2608","TCEB2"
"2609","TCEB3"
"2610","TCEB3B"
"2611","TCEB3C"
"2612","TCERG1"
"2613","TCF19"
"2614","TCF23"
"2615","TCF24"
"2616","TCF25"
"2617","TFB1M"
"2618","TFB2M"
"2619","EF1"
"2620","TTF1"
"2621","TTF2"
"2622","TADA2A"
"2623","TADA2B"
"2624","TADA3"
"2625","TRERF1"
"2626","TOB1"
"2627","TBL1XR1"
"2628","TBL1X"
"2629","TLE1"
"2630","TLE2"
"2631","TLE3"
"2632","TLE6"
"2633","TRRAP"
"2634","TGFB1"
"2635","TSN"
"2636","TPTEP1"
"2637","TMEM175"
"2638","TMEM229A"
"2639","TCOF1"
"2640","TRIB3"
"2641","TGS1"
"2642","TNRC17"
"2643","TNRC18P2"
"2644","TNRC6A"
"2645","TRIOBP"
"2646","TRIM10"
"2647","TRIM13"
"2648","TRIM14"
"2649","TRIM15"
"2650","TRIM16"
"2651","TRIM17"
"2652","TRIM21"
"2653","TRIM22"
"2654","TRIM23"
"2655","TRIM24"
"2656","TRIM25"
"2657","TRIM26"
"2658","TRIM27"
"2659","TRIM28"
"2660","TRIM29"
"2661","TRIM3"
"2662","TRIM31"
"2663","TRIM32"
"2664","TRIM33"
"2665","TRIM34"
"2666","TRIM35"
"2667","TRIM38"
"2668","TRIM39"
"2669","TRIM4"
"2670","TRIM40"
"2671","TRIM41"
"2672","TRIM47"
"2673","TRIM48"
"2674","TRIM49"
"2675","TRIM5"
"2676","TRIM50"
"2677","TRIM52"
"2678","TRIM56"
"2679","TRIM58"
"2680","TRIM6"
"2681","TRIM62"
"2682","TRIM65"
"2683","TRIM68"
"2684","TRIM69"
"2685","TRIM8"
"2686","TRIM9"
"2687","TRIM30A"
"2688","TRIT1"
"2689","TRMT1"
"2690","TRMT1L"
"2691","TSC22D2"
"2692","TSC22D3"
"2693","TSC22D4"
"2694","TSPYL2"
"2695","TUB"
"2696","TULP3"
"2697","TSC2"
"2698","TTLL4"
"2699","TTLL5"
"2700","TFIP11"
"2701","TNFAIP3"
"2702","TP53BP1"
"2703","TP53BP2"
"2704","TSG101"
"2705","TWIST2"
"2706","YWHAB"
"2707","TDP2"
"2708","U2AF1"
"2709","U2AF1L4"
"2710","U2AF2"
"2711","UHMK1"
"2712","UBN1"
"2713","UIMC1"
"2714","UBR4"
"2715","UBE3A"
"2716","USP2"
"2717","USP39"
"2718","USP7"
"2719","UBE2B"
"2720","UBE2I"
"2721","UBE2K"
"2722","UBE2L3"
"2723","UBE2N"
"2724","UHRF1"
"2725","UHRF2"
"2726","UTY"
"2727","UNCX"
"2728","USE1"
"2729","UTF1"
"2730","UNK"
"2731","UNKL"
"2732","UPF1"
"2733","UBTF"
"2734","UBTFL1"
"2735","UBTFL2"
"2736","UBTFL3"
"2737","UBTFL6"
"2738","UBTFL7"
"2739","URI1"
"2740","UCKL1"
"2741","UACA"
"2742","VPS25"
"2743","VPS72"
"2744","VCY"
"2745","VAV1"
"2746","CRK"
"2747","ERBB4"
"2748","ERBB2"
"2749","VGLL1"
"2750","VGLL2"
"2751","VGLL4"
"2752","VSX1"
"2753","VTN"
"2754","MYCLP1"
"2755","VHL"
"2756","SKI"
"2757","WDHD1"
"2758","WDR45L"
"2759","WDR5"
"2760","WDR60"
"2761","WDR77"
"2762","WIZ"
"2763","WNT1"
"2764","WNT5A"
"2765","WNT8B"
"2766","WHSC1"
"2767","WHSC1L1"
"2768","WHSC2"
"2769","WBP11"
"2770","WBP5"
"2771","WWP1"
"2772","WWOX"
"2773","WWTR1"
"2774","XPA"
"2775","XPC"
"2776","XAB2"
"2777","XRCC3"
"2778","XRCC5"
"2779","XRCC6"
"2780","YBX2"
"2781","YBX1-PS3"
"2782","YEATS2"
"2783","YEATS4"
"2784","YAP1"
"2785","YOD1"
"2786","YTHDC1"
"2787","YAF2"
"2788","ZBP1"
"2789","ZFP2"
"2790","ZFP28"
"2791","ZFP3"
"2792","ZFP30"
"2793","ZFP36"
"2794","ZFP36L1"
"2795","ZFP36L2"
"2796","ZFP41"
"2797","ZFP57"
"2798","ZFP62"
"2799","ZFP64"
"2800","ZFP69B"
"2801","ZFP82"
"2802","ZFP91"
"2803","ZFP92"
"2804","ZNRF1"
"2805","ZRSR1"
"2806","ZRSR2"
"2807","ZFA"
"2808","ZBTB11"
"2809","ZBTB12"
"2810","ZFP60"
"2811","ZBTB22"
"2812","ZBTB24"
"2813","ZBTB25"
"2814","ZBTB26"
"2815","ZBTB3"
"2816","ZBTB32"
"2817","ZBTB34"
"2818","ZBTB37"
"2819","ZBTB38"
"2820","ZBTB39"
"2821","ZBTB40"
"2822","ZBTB41"
"2823","ZBTB43"
"2824","ZBTB44"
"2825","ZBTB46"
"2826","ZBTB47"
"2827","ZFP651"
"2828","ZBTB48"
"2829","ZBTB49"
"2830","ZBTB6"
"2831","ZBTB7C"
"2832","ZBTB8A"
"2833","ZBTB8B"
"2834","ZBTB9"
"2835","ZSCAN1"
"2836","ZSCAN16"
"2837","ZSCAN18"
"2838","ZSCAN2"
"2839","ZSCAN20"
"2840","ZSCAN22"
"2841","ZSCAN23"
"2842","ZSCAN25"
"2843","ZSCAN29"
"2844","ZSCAN30"
"2845","ZSCAN32"
"2846","ZSCAN4-PS2"
"2847","ZSCAN4C"
"2848","ZSCAN4D"
"2849","ZSCAN4F"
"2850","ZSCAN5A"
"2851","ZSCAN5B"
"2852","ZSCAN5C"
"2853","ZSCAN5D"
"2854","ZC3H10"
"2855","ZC3H11A"
"2856","ZC3H11B"
"2857","ZC3H13"
"2858","ZC3H14"
"2859","ZC3H15"
"2860","ZC3H18"
"2861","ZC3H3"
"2862","ZC3H4"
"2863","ZC3H6"
"2864","ZC3H7A"
"2865","ZC3H7B"
"2866","ZC3HAV1"
"2867","ZNF767"
"2868","ZNF783"
"2869","ZNF788"
"2870","ZFHX2"
"2871","ZFHX4"
"2872","ZNF100"
"2873","ZNF101"
"2874","ZFP106"
"2875","ZNF107"
"2876","ZFP108"
"2877","ZFP109"
"2878","ZFP110"
"2879","ZFP111"
"2880","ZFP112"
"2881","ZNF114"
"2882","ZFP119A"
"2883","ZFP119B"
"2884","ZNF12"
"2885","ZFP120"
"2886","ZNF121"
"2887","ZNF123P"
"2888","ZFP125"
"2889","ZFP131"
"2890","ZNF137P"
"2891","ZFP14"
"2892","ZNF14"
"2893","ZNF141"
"2894","ZNF142"
"2895","ZNF146"
"2896","ZNF16"
"2897","ZNF160"
"2898","ZNF169"
"2899","ZNF17"
"2900","ZFP53"
"2901","ZFP180"
"2902","ZNF180"
"2903","ZNF181"
"2904","ZNF182"
"2905","ZFP184"
"2906","ZNF184"
"2907","ZNF185"
"2908","ZNF195"
"2909","ZNF197"
"2910","ZNF2"
"2911","ZFY2"
"2912","ZNF20"
"2913","ZNF200"
"2914","ZNF204P"
"2915","ZNF207"
"2916","ZNF208"
"2917","ZNF211"
"2918","ZNF212"
"2919","ZNF213"
"2920","ZNF221"
"2921","ZNF222"
"2922","ZNF223"
"2923","ZNF225"
"2924","ZNF226"
"2925","ZNF227"
"2926","ZNF229"
"2927","ZNF232"
"2928","ZNF233"
"2929","ZNF234"
"2930","ZNF235"
"2931","ZNF236"
"2932","ZNF248"
"2933","ZNF25"
"2934","ZNF253"
"2935","ZNF254"
"2936","ZNF257"
"2937","ZFP259"
"2938","ZNF259"
"2939","ZNF26"
"2940","ZNF260"
"2941","ZNF264"
"2942","ZFP426L"
"2943","ZNF266"
"2944","ZFP27"
"2945","ZNF273"
"2946","ZNF275"
"2947","ZNF276"
"2948","ZNF277"
"2949","ZFP758"
"2950","ZNF28"
"2951","ZNF280A"
"2952","ZNF280B"
"2953","ZNF280C"
"2954","ZNF280D"
"2955","ZNF282"
"2956","ZNF283"
"2957","ZNF285"
"2958","ZFP286"
"2959","ZNF286A"
"2960","ZNF286B"
"2961","ZNF287"
"2962","ZNF29P"
"2963","ZNF296"
"2964","ZFP11"
"2965","ZNF3"
"2966","ZNF30"
"2967","ZNF300P1"
"2968","ZNF311"
"2969","ZNF316"
"2970","ZNF318"
"2971","ZNF319"
"2972","ZNF32"
"2973","ZNF320"
"2974","ZNF322P1"
"2975","ZNF324"
"2976","ZNF324B"
"2977","ZNF329"
"2978","ZNF331"
"2979","ZNF334"
"2980","ZNF335"
"2981","ZNF337"
"2982","ZNF33A"
"2983","ZNF33B"
"2984","ZNF341"
"2985","ZNF343"
"2986","ZNF345"
"2987","ZNF346"
"2988","ZNF347"
"2989","ZNF271P"
"2990","ZFP352"
"2991","ZFP353"
"2992","ZNF354B"
"2993","ZNF355P"
"2994","ZNF358"
"2995","ZNF362"
"2996","ZNF365"
"2997","ZNF366"
"2998","ZFP369"
"2999","ZNF383"
"3000","ZNF385A"
"3001","ZNF385B"
"3002","ZNF385C"
"3003","ZNF385D"
"3004","ZFP386"
"3005","ZFP39"
"3006","ZNF391"
"3007","ZNF394"
"3008","ZNF396"
"3009","ZNF397"
"3010","ZNF398"
"3011","ZNF404"
"3012","ZNF407"
"3013","ZNF408"
"3014","ZNF410"
"3015","ZNF414"
"3016","ZNF415"
"3017","ZNF416"
"3018","ZNF417"
"3019","ZNF418"
"3020","ZNF419"
"3021","ZNF420"
"3022","ZNF425"
"3023","ZNF426"
"3024","ZNF428"
"3025","ZNF430"
"3026","ZNF432"
"3027","ZNF436"
"3028","ZNF438"
"3029","ZNF439"
"3030","ZNF44"
"3031","ZNF440"
"3032","ZNF441"
"3033","ZNF442"
"3034","ZNF443"
"3035","ZNF444"
"3036","ZNF445"
"3037","ZNF446"
"3038","ZNF449"
"3039","ZNF451"
"3040","ZNF454"
"3041","ZFP455"
"3042","ZFP456"
"3043","ZFP457"
"3044","ZFP458"
"3045","ZFP459"
"3046","ZFP46"
"3047","ZNF460"
"3048","ZNF461"
"3049","ZNF462"
"3050","ZNF469"
"3051","ZNF471"
"3052","ZFP472"
"3053","ZNF473"
"3054","ZNF474"
"3055","ZNF479"
"3056","ZNF48"
"3057","ZNF480"
"3058","ZNF483"
"3059","ZNF484"
"3060","ZNF485"
"3061","ZNF486"
"3062","ZNF487P"
"3063","ZNF488"
"3064","ZNF490"
"3065","ZNF491"
"3066","ZNF493"
"3067","ZFP494"
"3068","ZNF497"
"3069","ZNF500"
"3070","ZNF501"
"3071","ZNF502"
"3072","ZNF503"
"3073","ZNF506"
"3074","ZNF507"
"3075","ZFP51"
"3076","ZNF510"
"3077","ZNF511"
"3078","ZNF512"
"3079","ZNF514"
"3080","ZNF516"
"3081","ZNF518A"
"3082","ZNF518B"
"3083","ZNF519"
"3084","ZFP52"
"3085","ZNF521"
"3086","ZNF524"
"3087","ZNF525"
"3088","ZNF526"
"3089","ZNF527"
"3090","ZNF528"
"3091","ZNF529"
"3092","ZNF530"
"3093","ZNF532"
"3094","ZFP534"
"3095","ZNF534"
"3096","ZNF540"
"3097","ZNF541"
"3098","ZNF542"
"3099","ZNF543"
"3100","ZNF544"
"3101","ZNF546"
"3102","ZNF547"
"3103","ZNF548"
"3104","ZNF549"
"3105","ZNF550"
"3106","ZNF551"
"3107","ZNF552"
"3108","ZNF554"
"3109","ZNF555"
"3110","ZNF556"
"3111","ZNF557"
"3112","ZNF558"
"3113","ZNF559"
"3114","ZNF56"
"3115","ZNF560"
"3116","ZNF561"
"3117","ZNF562"
"3118","ZNF563"
"3119","ZNF564"
"3120","ZNF565"
"3121","ZNF566"
"3122","ZNF567"
"3123","ZNF568"
"3124","ZNF569"
"3125","ZNF57"
"3126","ZNF570"
"3127","ZNF571"
"3128","ZNF572"
"3129","ZNF573"
"3130","ZNF574"
"3131","ZNF575"
"3132","ZNF576"
"3133","ZNF577"
"3134","ZNF578"
"3135","ZNF579"
"3136","ZFP58"
"3137","ZNF581"
"3138","ZNF582"
"3139","ZNF583"
"3140","ZNF584"
"3141","ZNF585A"
"3142","ZFP658"
"3143","ZNF585B"
"3144","ZNF586"
"3145","ZNF587"
"3146","ZNF587B"
"3147","ZFP59"
"3148","ZNF593"
"3149","ZNF594"
"3150","ZNF595"
"3151","ZNF596"
"3152","ZNF597"
"3153","ZNF598"
"3154","ZNF599"
"3155","ZFP600"
"3156","ZNF600"
"3157","ZNF605"
"3158","ZNF606"
"3159","ZNF607"
"3160","ZNF608"
"3161","ZNF609"
"3162","ZFP61"
"3163","ZNF610"
"3164","ZNF611"
"3165","ZNF613"
"3166","ZNF614"
"3167","ZNF615"
"3168","ZNF616"
"3169","ZFP617"
"3170","ZNF618"
"3171","ZNF619"
"3172","ZNF620"
"3173","ZNF621"
"3174","ZNF622"
"3175","ZNF623"
"3176","ZNF624"
"3177","ZNF625"
"3178","ZNF626"
"3179","ZNF627"
"3180","ZNF628"
"3181","ZNF629"
"3182","ZNF630"
"3183","ZFP637"
"3184","ZNF638"
"3185","ZFP640"
"3186","ZNF641"
"3187","ZNF644"
"3188","ZNF645"
"3189","ZNF646"
"3190","ZFP648"
"3191","ZNF648"
"3192","ZNF649"
"3193","ZNF653"
"3194","ZNF654"
"3195","ZNF655"
"3196","ZNF658"
"3197","LOC653501"
"3198","ZNF658B"
"3199","ZNF66P"
"3200","ZNF660"
"3201","ZNF662"
"3202","ZNF663"
"3203","ZNF664"
"3204","ZNF665"
"3205","ZNF667"
"3206","ZNF669"
"3207","ZNF670"
"3208","ZNF671"
"3209","ZNF672"
"3210","ZNF675"
"3211","ZNF676"
"3212","ZNF677"
"3213","ZNF678"
"3214","ZNF679"
"3215","ZFP68"
"3216","ZNF680"
"3217","ZNF681"
"3218","ZNF682"
"3219","ZNF683"
"3220","ZNF684"
"3221","ZNF688"
"3222","ZNF689"
"3223","ZNF691"
"3224","ZNF695"
"3225","ZNF696"
"3226","ZNF697"
"3227","ZNF699"
"3228","ZNF70"
"3229","ZNF700"
"3230","ZNF701"
"3231","ZNF702P"
"3232","ZNF703"
"3233","ZNF704"
"3234","ZNF705A"
"3235","ZNF705B"
"3236","ZNF705C"
"3237","ZNF705E"
"3238","ZNF705G"
"3239","ZNF706"
"3240","ZNF707"
"3241","ZNF708"
"3242","ZNF709"
"3243","ZNF71"
"3244","ZFP71-RS1"
"3245","ZNF710"
"3246","ZNF713"
"3247","ZNF714"
"3248","ZFP715"
"3249","ZNF716"
"3250","ZNF717"
"3251","ZNF718"
"3252","ZFP719"
"3253","ZNF72P"
"3254","ZNF720P1"
"3255","ZNF721"
"3256","ZNF724P"
"3257","ZNF725P"
"3258","ZNF726"
"3259","ZNF727"
"3260","ZNF729"
"3261","ZNF73"
"3262","ZNF730"
"3263","ZNF732"
"3264","ZNF735"
"3265","ZNF736"
"3266","ZNF737"
"3267","ZNF738"
"3268","ZNF74"
"3269","ZNF740"
"3270","ZNF747"
"3271","ZFP748"
"3272","ZNF749"
"3273","ZFP759"
"3274","ZNF75A"
"3275","ZNF75CP"
"3276","ZNF75D"
"3277","ZFP760"
"3278","ZNF761"
"3279","ZNF763"
"3280","ZNF764"
"3281","ZNF765"
"3282","ZNF766"
"3283","ZNF768"
"3284","ZNF77"
"3285","ZNF770"
"3286","ZNF771"
"3287","ZNF772"
"3288","ZNF773"
"3289","ZNF774"
"3290","ZNF775"
"3291","ZNF776"
"3292","ZNF777"
"3293","ZNF778"
"3294","ZFP78"
"3295","ZNF780A"
"3296","ZNF780B"
"3297","ZNF781"
"3298","ZNF782"
"3299","ZNF784"
"3300","ZNF785"
"3301","ZNF786"
"3302","ZNF787"
"3303","ZFP788"
"3304","ZNF789"
"3305","ZNF79"
"3306","ZNF790"
"3307","ZNF791"
"3308","ZNF792"
"3309","ZNF793"
"3310","ZNF799"
"3311","ZNF800"
"3312","ZNF804B"
"3313","ZNF805"
"3314","ZNF806"
"3315","ZNF808"
"3316","ZFP809"
"3317","ZNF81"
"3318","ZFP810"
"3319","ZFP811"
"3320","ZNF812"
"3321","ZNF813"
"3322","ZNF814"
"3323","ZNF816"
"3324","ZNF818P"
"3325","ZFP819"
"3326","ZFP820"
"3327","ZNF823"
"3328","ZFP825"
"3329","ZNF826P"
"3330","ZNF827"
"3331","ZNF829"
"3332","ZNF83"
"3333","ZNF830"
"3334","ZNF831"
"3335","ZNF833P"
"3336","ZNF835"
"3337","ZNF836"
"3338","ZNF837"
"3339","ZNF839"
"3340","ZNF840"
"3341","ZNF841"
"3342","ZNF843"
"3343","ZNF844"
"3344","ZNF845"
"3345","ZNF846"
"3346","ZNF847P"
"3347","ZNF849P"
"3348","ZFP85-RS1"
"3349","ZNF850"
"3350","ZNF852"
"3351","ZNF853"
"3352","ZNF860"
"3353","ZNF861P"
"3354","ZNF862"
"3355","ZNF865"
"3356","ZFP866"
"3357","ZFP867"
"3358","ZFP868"
"3359","ZFP869"
"3360","ZFP87"
"3361","ZFP870"
"3362","ZFP871"
"3363","ZFP872"
"3364","ZFP873"
"3365","ZFP874A"
"3366","ZFP874B"
"3367","ZNF876P"
"3368","ZNF878"
"3369","ZFP879"
"3370","ZNF879"
"3371","ZNF880"
"3372","ZFP882"
"3373","ZNF883"
"3374","ZNF891"
"3375","ZFP9"
"3376","ZNF90"
"3377","ZFP930"
"3378","ZFP931"
"3379","ZFP932"
"3380","ZFP933"
"3381","ZFP934"
"3382","ZFP935"
"3383","ZFP936"
"3384","ZFP937"
"3385","ZFP938"
"3386","ZFP94"
"3387","ZFP940"
"3388","ZFP941"
"3389","ZFP942"
"3390","ZFP944"
"3391","ZFP945"
"3392","ZFP946"
"3393","ZFP947"
"3394","ZFP948"
"3395","ZFP949"
"3396","ZFP951"
"3397","ZFP952"
"3398","ZFP953"
"3399","ZFP954"
"3400","ZFP955A"
"3401","ZFP955B"
"3402","ZFP956"
"3403","ZFP958"
"3404","ZFP959"
"3405","ZFP960"
"3406","ZFP961"
"3407","ZNF962P"
"3408","ZFP97"
"3409","ZNF99"
"3410","ZIK1"
"3411","ZFP146"
"3412","ZFPM2"
"3413","ZFPL1"
"3414","ZFP607"
"3415","ZFP943"
"3416","ZFR"
"3417","ZFR2"
"3418","ZKSCAN1"
"3419","ZKSCAN2"
"3420","ZKSCAN4"
"3421","ZNF167"
"3422","ZNF192"
"3423","ZUFSP"
"3424","ZFAND5"
"3425","ZFAND6"
"3426","ZBED2"
"3427","ZBED3"
"3428","ZBED4"
"3429","ZBED5"
"3430","ZBED6"
"3431","ZCCHC11"
"3432","ZCCHC4"
"3433","ZCCHC6"
"3434","ZCCHC7"
"3435","ZDHHC1"
"3436","ZDHHC11"
"3437","ZDHHC13"
"3438","ZDHHC15"
"3439","ZDHHC16"
"3440","ZDHHC17"
"3441","ZDHHC19"
"3442","ZDHHC2"
"3443","ZDHHC21"
"3444","ZDHHC6"
"3445","ZDHHC7"
"3446","ZDHHC9"
"3447","ZFYVE20"
"3448","ZFYVE26"
"3449","ZGLP1"
"3450","ZNHIT3"
"3451","ZNHIT6"
"3452","ZIM2"
"3453","ZIM3"
"3454","ZMAT1"
"3455","ZMAT2"
"3456","ZMAT3"
"3457","ZMAT4"
"3458","ZMAT5"
"3459","ZMIZ1"
"3460","ZMIZ2"
"3461","ZMYM2"
"3462","ZMYM3"
"3463","ZMYM4"
"3464","ZMYM5"
"3465","ZMYM6"
"3466","ZMYND10"
"3467","ZMYND11"
"3468","ZNFX1"
"3469","ZRANB2"
"3470","ZSWIM4"
"3471","ZXDA"
"3472","ZXDB"
"3473","ZZZ3"
"3474","ZHX1"
"3475","ZNF252P-AS1"
"3476","ZNF816-ZNF321P"
"3477","ZXDC"
"3478","ZAR1"
"3479","ZYX"
